id,file_name,category,language,source,word_count,is_synthetic
1,tutorial_01.txt,tutorial,en,https://docs.github.com/en/repositories/creating-and-managing-repositories/quickstart-for-repositories?tool=webui,172,no
2,education_01.txt,education,en,https://education.nationalgeographic.org/resource/photosynthesis/,127,no
3,education_02.txt,education,en,https://www.w3schools.com/dsa/dsa_data_binarysearchtrees.php,152,no
4,tutorial_02.txt,tutorial,en,https://www.theaa.com/breakdown-cover/advice/using-jump-leads,196,no
5,product_01.txt,product,en,https://trello.com/tour,200,no
6,education_03.txt,education,en,ai_generated,198,yes
7,product_02.txt,product,en,ai_generated,157,yes
8,product_03.txt,product,en,ai_generated,208,yes
9,product_04.txt,product,en,ai_generated,175,yes
10,tutorial_03.txt,tutorial,en,https://www.tonywodarck.com/education/2023/9/3/how-to-take-good-photos,186,no
11,tutorial_04.txt,tutorial,en,ai_generated,156,yes
12,tutorial_05.txt,tutorial,en,ai_generated,144,yes
13,tutorial_06.txt,tutorial,en,ai_generated,184,yes
14,tutorial_07.txt,tutorial,en,ai_generated,162,yes
15,education_04.txt,education,en,ai_generated,144,yes
16,education_05.txt,education,en,ai_generated,164,yes
17,education_06.txt,education,en,ai_generated,157,yes
18,education_07.txt,education,en,https://en.wikipedia.org/wiki/Solar_System,165,no
19,product_05.txt,product,en,https://store.google.com/us/product/pixel_watch_4?hl=en-US,170,no
20,product_06.txt,product,en,https://store.google.com/us/product/nest_cam_floodlight?hl=en-US,149,no
